modelo,pasos,escenario,cumplida,perdido,alcanzado,choque_peaton,panel,geocerca,no_encontrado,tiempo,dur,visto,pierde,recupera,t_readq,d_min,z_max,g_min,g_max,r_tot,r_ctrl,jit_pitch,jit_yaw,jit_gimbal
base_v9.zip,0,abierto,1.0,0.0,0.0,0.0,0.0,0.0,0.0,0.0,30.0,0.9677,0.0,0.0,nan,4.3691,3.4167,-46.5075,6.7617,-5.4396,-19.0574,3.2483,0.8257,4.4587
base_v9.zip,0,cambio_brusco,0.0,0.22,0.78,0.0,0.0,0.0,0.0,0.0,19.966,0.7638,0.22,0.0,nan,0.9634,2.6555,-46.2416,2.3683,-10.6807,-3.4875,1.705,0.4991,3.0321
base_v9.zip,0,tras_muro,0.0,1.0,0.0,0.0,0.0,0.0,0.0,0.0,65.686,0.0664,1.0,0.0,nan,5.1415,3.5202,-25.9747,1.5808,-10.2292,-4.1075,0.3167,0.0948,0.2089
base_v9.zip,0,debajo,0.0,0.68,0.32,0.0,0.0,0.0,0.0,0.0,43.518,0.3184,0.68,0.0,nan,0.2825,3.6282,-43.2207,-10.9968,-8.5567,-0.9555,0.178,0.5247,0.012
dron_master_24660480_steps.zip,24660480,abierto,1.0,0.0,0.0,0.0,0.0,0.0,0.0,0.0,30.0,0.9677,0.0,0.0,nan,4.381,3.4391,-46.5075,4.6474,-5.582,-19.2167,3.2124,0.8217,4.4892
dron_master_24660480_steps.zip,24660480,cambio_brusco,0.0,0.32,0.68,0.0,0.0,0.0,0.0,0.0,26.048,0.6781,0.32,0.0,nan,1.0222,2.7581,-46.2416,2.3683,-10.4484,-3.5117,1.4555,0.4263,2.6467
dron_master_24660480_steps.zip,24660480,tras_muro,0.0,1.0,0.0,0.0,0.0,0.0,0.0,0.0,65.686,0.0664,1.0,0.0,nan,5.1633,2.8096,-26.2815,1.5933,-10.276,-4.1916,0.3074,0.0948,0.2118
dron_master_24660480_steps.zip,24660480,debajo,0.0,0.12,0.88,0.0,0.0,0.0,0.0,0.0,9.57,0.8197,0.12,0.0,nan,0.7543,2.5803,-49.722,-10.9968,-9.3562,-0.1428,0.0875,1.3766,0.1241
dron_master_49658880_steps.zip,49658880,abierto,1.0,0.0,0.0,0.0,0.0,0.0,0.0,0.0,30.0,0.9677,0.0,0.0,nan,4.372,3.4423,-46.5075,4.6474,-5.4373,-19.0291,3.2318,0.8224,4.4707
dron_master_49658880_steps.zip,49658880,cambio_brusco,0.0,1.0,0.0,0.0,0.0,0.0,0.0,0.0,67.384,0.0895,1.0,0.0,nan,1.435,3.7342,-42.5819,2.3683,-7.7192,-4.1156,0.2666,0.0549,0.3226
dron_master_49658880_steps.zip,49658880,tras_muro,0.0,1.0,0.0,0.0,0.0,0.0,0.0,0.0,65.686,0.0664,1.0,0.0,nan,5.1155,4.2476,-25.9014,1.5808,-10.351,-4.1048,0.3104,0.0948,0.2089
dron_master_49658880_steps.zip,49658880,debajo,0.0,0.12,0.88,0.0,0.0,0.0,0.0,0.0,9.568,0.8197,0.12,0.0,nan,0.7541,2.5802,-49.722,-10.9968,-9.3578,-0.1384,0.0886,1.3764,0.1223
dron_master_74657280_steps.zip,74657280,abierto,1.0,0.0,0.0,0.0,0.0,0.0,0.0,0.0,30.0,0.9677,0.0,0.0,nan,4.3746,3.4395,-47.33,4.6474,-5.4555,-19.0149,3.2272,0.8236,4.4766
dron_master_74657280_steps.zip,74657280,cambio_brusco,0.0,1.0,0.0,0.0,0.0,0.0,0.0,0.0,67.384,0.0895,1.0,0.0,nan,1.435,3.4434,-42.6011,2.3683,-8.5813,-4.2001,0.2673,0.0549,0.3226
dron_master_74657280_steps.zip,74657280,tras_muro,0.0,1.0,0.0,0.0,0.0,0.0,0.0,0.0,65.686,0.0664,1.0,0.0,nan,5.1374,2.9857,-26.002,1.5933,-10.2428,-4.1364,0.3141,0.0948,0.21
dron_master_74657280_steps.zip,74657280,debajo,0.0,0.88,0.12,0.0,0.0,0.0,0.0,0.0,55.66,0.1327,0.88,0.0,nan,0.1154,3.982,-43.9059,-10.9968,-8.0644,-1.0175,0.105,0.2054,0.0185
dron_master_99655680_steps.zip,99655680,abierto,1.0,0.0,0.0,0.0,0.0,0.0,0.0,0.0,30.0,0.9677,0.0,0.0,nan,4.3675,3.4398,-45.9481,4.6474,-5.462,-19.003,3.2324,0.823,4.4756
dron_master_99655680_steps.zip,99655680,cambio_brusco,0.0,1.0,0.0,0.0,0.0,0.0,0.0,0.0,67.384,0.0895,1.0,0.0,nan,1.435,3.5411,-42.5819,2.3683,-7.987,-4.1676,0.2673,0.0549,0.3226
dron_master_99655680_steps.zip,99655680,tras_muro,0.0,1.0,0.0,0.0,0.0,0.0,0.0,0.0,65.686,0.0664,1.0,0.0,nan,5.1553,2.8711,-25.4499,1.5808,-10.4656,-4.341,0.3474,0.0948,0.2096
dron_master_99655680_steps.zip,99655680,debajo,0.0,0.96,0.04,0.0,0.0,0.0,0.0,0.0,60.514,0.062,0.96,0.0,nan,0.0406,4.1253,-43.9059,-10.9968,-7.8448,-1.0821,0.1046,0.1017,0.019
dron_master_124654080_steps.zip,124654080,abierto,1.0,0.0,0.0,0.0,0.0,0.0,0.0,0.0,30.0,0.9677,0.0,0.0,nan,4.3767,3.4418,-43.8267,4.6474,-5.4736,-19.0132,3.2217,0.8175,4.469
dron_master_124654080_steps.zip,124654080,cambio_brusco,0.0,1.0,0.0,0.0,0.0,0.0,0.0,0.0,67.384,0.0895,1.0,0.0,nan,1.435,3.4566,-42.5819,2.3683,-8.0654,-4.1635,0.291,0.0549,0.3226
dron_master_124654080_steps.zip,124654080,tras_muro,0.0,1.0,0.0,0.0,0.0,0.0,0.0,0.0,65.686,0.0664,1.0,0.0,nan,5.1113,3.5643,-25.9014,1.5933,-10.1919,-4.0516,0.3092,0.0948,0.21
dron_master_124654080_steps.zip,124654080,debajo,0.02,0.98,0.0,0.0,0.0,0.0,0.0,0.0,63.026,0.0344,1.0,0.02,37.0,0.0203,4.252,-58.2219,-10.9968,-7.2838,-1.0947,0.1101,0.0212,0.0286
dron_master_149652480_steps.zip,149652480,abierto,1.0,0.0,0.0,0.0,0.0,0.0,0.0,0.0,30.0,0.9677,0.0,0.0,nan,4.3778,3.44,-43.8267,4.6474,-5.4221,-18.9654,3.2096,0.8244,4.4776
dron_master_149652480_steps.zip,149652480,cambio_brusco,0.0,1.0,0.0,0.0,0.0,0.0,0.0,0.0,67.384,0.0895,1.0,0.0,nan,1.435,3.5844,-42.5819,2.3683,-8.2682,-4.2766,0.2963,0.0549,0.3226
dron_master_149652480_steps.zip,149652480,tras_muro,0.0,1.0,0.0,0.0,0.0,0.0,0.0,0.0,65.686,0.0664,1.0,0.0,nan,5.1415,3.3222,-25.8689,1.5933,-10.2238,-4.1614,0.3076,0.0948,0.2118
dron_master_149652480_steps.zip,149652480,debajo,0.02,0.72,0.26,0.0,0.0,0.0,0.0,0.0,47.25,0.2683,0.74,0.02,37.9,0.2363,3.7496,-56.432,-10.9968,-7.9295,-0.931,0.1022,0.234,0.1341
dron_master_174650880_steps.zip,174650880,abierto,1.0,0.0,0.0,0.0,0.0,0.0,0.0,0.0,30.0,0.9677,0.0,0.0,nan,4.3709,3.4437,-45.9477,4.6474,-5.4784,-19.0083,3.2259,0.8217,4.4786
dron_master_174650880_steps.zip,174650880,cambio_brusco,0.0,1.0,0.0,0.0,0.0,0.0,0.0,0.0,67.384,0.0895,1.0,0.0,nan,1.435,3.4729,-42.5819,2.3683,-8.118,-4.0261,0.2656,0.0549,0.3226
dron_master_174650880_steps.zip,174650880,tras_muro,0.0,1.0,0.0,0.0,0.0,0.0,0.0,0.0,65.686,0.0664,1.0,0.0,nan,5.133,2.9829,-25.9661,1.5933,-10.1386,-4.0811,0.3149,0.0948,0.21
dron_master_174650880_steps.zip,174650880,debajo,0.14,0.86,0.0,0.0,0.0,0.0,0.0,0.0,64.766,0.0863,1.06,0.2,32.1111,0.0224,3.9904,-60.0,-10.9968,-5.2832,-1.4497,0.1246,0.0468,0.0675
dron_master_199649280_steps.zip,199649280,abierto,1.0,0.0,0.0,0.0,0.0,0.0,0.0,0.0,30.0,0.9677,0.0,0.0,nan,4.3822,3.4439,-45.9477,4.6474,-5.4901,-19.0208,3.2385,0.8173,4.4673
dron_master_199649280_steps.zip,199649280,cambio_brusco,0.0,1.0,0.0,0.0,0.0,0.0,0.0,0.0,67.384,0.0895,1.0,0.0,nan,1.435,3.6046,-42.5511,2.3683,-8.283,-4.2802,0.3094,0.0549,0.3226
dron_master_199649280_steps.zip,199649280,tras_muro,0.0,1.0,0.0,0.0,0.0,0.0,0.0,0.0,65.686,0.0664,1.0,0.0,nan,5.1458,3.2922,-25.9014,1.5808,-10.0885,-4.0038,0.3063,0.0948,0.2089
dron_master_199649280_steps.zip,199649280,debajo,0.0,1.0,0.0,0.0,0.0,0.0,0.0,0.0,62.944,0.0268,1.0,0.0,nan,0.0034,4.2178,-39.3662,-10.9968,-7.7679,-1.1354,0.1384,0.016,0.0221
dron_master_224647680_steps.zip,224647680,abierto,1.0,0.0,0.0,0.0,0.0,0.0,0.0,0.0,30.0,0.9677,0.0,0.0,nan,4.4177,3.4411,-45.9477,4.6474,-5.3913,-18.9255,3.1829,0.8206,4.4814
dron_master_224647680_steps.zip,224647680,cambio_brusco,0.0,1.0,0.0,0.0,0.0,0.0,0.0,0.0,67.384,0.0895,1.0,0.0,nan,1.435,3.4425,-42.6017,2.3683,-8.6045,-4.2198,0.2677,0.0549,0.3226
dron_master_224647680_steps.zip,224647680,tras_muro,0.0,1.0,0.0,0.0,0.0,0.0,0.0,0.0,65.686,0.0664,1.0,0.0,nan,5.1589,2.8229,-25.9871,1.5933,-10.2291,-4.1671,0.3067,0.0948,0.21
dron_master_224647680_steps.zip,224647680,debajo,0.06,0.94,0.0,0.0,0.0,0.0,0.0,0.0,63.42,0.0492,1.0,0.06,40.2333,0.0162,4.2204,-60.0,-10.9968,-6.7006,-1.2526,0.109,0.027,0.0466
dron_master_249646080_steps.zip,249646080,abierto,1.0,0.0,0.0,0.0,0.0,0.0,0.0,0.0,30.0,0.9677,0.0,0.0,nan,4.4194,3.444,-45.9477,4.6474,-5.3801,-18.9023,3.1747,0.8202,4.4844
dron_master_249646080_steps.zip,249646080,cambio_brusco,0.0,1.0,0.0,0.0,0.0,0.0,0.0,0.0,67.384,0.0895,1.0,0.0,nan,1.435,3.473,-42.741,2.3683,-8.2741,-4.212,0.2679,0.0549,0.3226
dron_master_249646080_steps.zip,249646080,tras_muro,0.0,1.0,0.0,0.0,0.0,0.0,0.0,0.0,65.686,0.0664,1.0,0.0,nan,5.1148,3.2382,-26.1252,1.5933,-10.2616,-4.1575,0.3267,0.0948,0.2118
dron_master_249646080_steps.zip,249646080,debajo,0.2,0.78,0.02,0.0,0.0,0.0,0.0,0.0,64.034,0.1247,1.0,0.22,38.7909,0.039,4.1291,-60.0,-9.6924,-4.2788,-1.4123,0.1228,0.094,0.107
dron_master_274644480_steps.zip,274644480,abierto,1.0,0.0,0.0,0.0,0.0,0.0,0.0,0.0,30.0,0.9677,0.0,0.0,nan,4.4177,3.4441,-45.9477,4.6474,-5.4043,-18.9266,3.1993,0.8212,4.4799
dron_master_274644480_steps.zip,274644480,cambio_brusco,0.0,1.0,0.0,0.0,0.0,0.0,0.0,0.0,67.384,0.0895,1.0,0.0,nan,1.435,3.5516,-42.4607,2.3683,-8.2905,-4.1538,0.268,0.0549,0.3226
dron_master_274644480_steps.zip,274644480,tras_muro,0.0,1.0,0.0,0.0,0.0,0.0,0.0,0.0,65.686,0.0664,1.0,0.0,nan,5.1298,3.3328,-25.4861,1.5808,-10.3733,-4.2969,0.3436,0.0948,0.2089
dron_master_274644480_steps.zip,274644480,debajo,0.0,0.92,0.0,0.0,0.0,0.08,0.0,0.0,60.892,0.0284,1.0,0.0,nan,0.0287,4.2321,-39.4241,-10.9968,-7.7484,-1.0724,0.1065,0.0176,0.0238
dron_master_299642880_steps.zip,299642880,abierto,1.0,0.0,0.0,0.0,0.0,0.0,0.0,0.0,30.0,0.9677,0.0,0.0,nan,4.3775,3.4447,-45.9477,4.6474,-5.4194,-18.9499,3.1814,0.8206,4.4782
dron_master_299642880_steps.zip,299642880,cambio_brusco,0.0,1.0,0.0,0.0,0.0,0.0,0.0,0.0,67.384,0.0895,1.0,0.0,nan,1.4368,3.4945,-42.5845,2.3683,-8.0628,-4.0211,0.2579,0.0548,0.3227
dron_master_299642880_steps.zip,299642880,tras_muro,0.0,1.0,0.0,0.0,0.0,0.0,0.0,0.0,65.686,0.0664,1.0,0.0,nan,5.1244,3.1254,-25.7083,1.5933,-10.2184,-4.1186,0.3118,0.0948,0.2118
dron_master_299642880_steps.zip,299642880,debajo,0.02,0.98,0.0,0.0,0.0,0.0,0.0,0.0,64.388,0.034,1.02,0.04,38.6,0.0112,4.3012,-60.0,-10.9968,-7.2408,-1.0792,0.1007,0.0188,0.0303
dron_master_324641280_steps.zip,324641280,abierto,1.0,0.0,0.0,0.0,0.0,0.0,0.0,0.0,30.0,0.9677,0.0,0.0,nan,4.3767,3.4439,-45.9477,4.6474,-5.4823,-19.0128,3.23,0.8185,4.4711
dron_master_324641280_steps.zip,324641280,cambio_brusco,0.0,1.0,0.0,0.0,0.0,0.0,0.0,0.0,67.384,0.0895,1.0,0.0,nan,1.435,3.4425,-42.6235,2.3683,-8.4173,-4.219,0.2681,0.0549,0.3226
dron_master_324641280_steps.zip,324641280,tras_muro,0.0,1.0,0.0,0.0,0.0,0.0,0.0,0.0,65.686,0.0664,1.0,0.0,nan,5.1456,2.9959,-26.1262,1.5808,-10.3694,-4.2958,0.3459,0.0948,0.2089
dron_master_324641280_steps.zip,324641280,debajo,0.0,0.56,0.0,0.0,0.0,0.44,0.0,0.0,58.6,0.0291,1.0,0.0,nan,0.0137,4.2178,-43.9235,-10.9968,-7.7624,-1.0613,0.1054,0.0169,0.0232
dron_master_349639680_steps.zip,349639680,abierto,1.0,0.0,0.0,0.0,0.0,0.0,0.0,0.0,30.0,0.9677,0.0,0.0,nan,4.4183,3.444,-45.9477,4.6474,-5.436,-18.9557,3.2034,0.819,4.489
dron_master_349639680_steps.zip,349639680,cambio_brusco,0.0,1.0,0.0,0.0,0.0,0.0,0.0,0.0,67.386,0.0895,1.0,0.0,nan,1.4386,3.4429,-42.4607,2.3683,-8.0906,-4.0927,0.2592,0.0548,0.3225
dron_master_349639680_steps.zip,349639680,tras_muro,0.0,1.0,0.0,0.0,0.0,0.0,0.0,0.0,65.686,0.0664,1.0,0.0,nan,5.137,2.881,-25.9381,1.5933,-10.3896,-4.3059,0.3495,0.0948,0.2118
dron_master_349639680_steps.zip,349639680,debajo,0.0,1.0,0.0,0.0,0.0,0.0,0.0,0.0,62.942,0.0268,1.0,0.0,nan,0.0289,4.2347,-39.3966,-10.9968,-7.6522,-1.1197,0.1072,0.016,0.0221
dron_master_374638080_steps.zip,374638080,abierto,1.0,0.0,0.0,0.0,0.0,0.0,0.0,0.0,30.0,0.9677,0.0,0.0,nan,4.3827,3.4407,-45.198,4.6474,-5.4798,-19.0136,3.2119,0.8173,4.4848
dron_master_374638080_steps.zip,374638080,cambio_brusco,0.0,1.0,0.0,0.0,0.0,0.0,0.0,0.0,67.384,0.0895,1.0,0.0,nan,1.435,3.4425,-42.4836,2.3683,-8.0687,-3.9277,0.2509,0.0549,0.3226
dron_master_374638080_steps.zip,374638080,tras_muro,0.0,1.0,0.0,0.0,0.0,0.0,0.0,0.0,65.686,0.0664,1.0,0.0,nan,5.0609,3.7182,-25.8863,1.5933,-10.4044,-4.2591,0.3564,0.0948,0.2098
dron_master_374638080_steps.zip,374638080,debajo,0.02,0.72,0.26,0.0,0.0,0.0,0.0,0.0,47.124,0.2677,0.74,0.02,26.6,0.2244,3.781,-52.4912,-10.9968,-7.733,-0.7438,0.0988,0.2717,0.0551
dron_master_399636480_steps.zip,399636480,abierto,1.0,0.0,0.0,0.0,0.0,0.0,0.0,0.0,30.0,0.9677,0.0,0.0,nan,4.381,3.44,-45.9481,4.6474,-5.4642,-19.0008,3.2299,0.8199,4.4731
dron_master_399636480_steps.zip,399636480,cambio_brusco,0.0,1.0,0.0,0.0,0.0,0.0,0.0,0.0,67.384,0.0895,1.0,0.0,nan,1.435,3.4446,-42.5819,2.3683,-7.9098,-3.9567,0.2526,0.0549,0.3226
dron_master_399636480_steps.zip,399636480,tras_muro,0.0,1.0,0.0,0.0,0.0,0.0,0.0,0.0,65.686,0.0664,1.0,0.0,nan,5.0957,3.9908,-25.4213,1.5808,-10.231,-4.1315,0.3385,0.0948,0.2089
dron_master_399636480_steps.zip,399636480,debajo,0.0,0.18,0.82,0.0,0.0,0.0,0.0,0.0,13.214,0.7647,0.18,0.0,nan,0.7028,2.6829,-49.722,-10.9968,-9.2377,-0.1973,0.0886,1.2804,0.0339
dron_master_424634880_steps.zip,424634880,abierto,1.0,0.0,0.0,0.0,0.0,0.0,0.0,0.0,30.0,0.9677,0.0,0.0,nan,4.3674,3.4407,-45.9481,4.6474,-5.4791,-19.0175,3.2323,0.8215,4.475
dron_master_424634880_steps.zip,424634880,cambio_brusco,0.0,1.0,0.0,0.0,0.0,0.0,0.0,0.0,67.384,0.0895,1.0,0.0,nan,1.435,3.4425,-42.5316,2.3683,-8.1844,-4.1736,0.271,0.0549,0.3226
dron_master_424634880_steps.zip,424634880,tras_muro,0.0,1.0,0.0,0.0,0.0,0.0,0.0,0.0,65.686,0.0664,1.0,0.0,nan,5.1211,3.2569,-25.9639,1.5808,-10.3093,-4.14,0.3111,0.0948,0.2089
dron_master_424634880_steps.zip,424634880,debajo,0.02,0.86,0.12,0.0,0.0,0.0,0.0,0.0,55.764,0.1425,0.88,0.02,38.4,0.114,4.0259,-60.0,-10.9968,-7.5963,-1.0284,0.1076,0.082,0.0536
dron_master_449633280_steps.zip,449633280,abierto,1.0,0.0,0.0,0.0,0.0,0.0,0.0,0.0,30.0,0.9677,0.0,0.0,nan,4.3796,3.4408,-45.9481,4.6474,-5.4654,-19.0113,3.2246,0.8168,4.4671
dron_master_449633280_steps.zip,449633280,cambio_brusco,0.0,1.0,0.0,0.0,0.0,0.0,0.0,0.0,67.384,0.0895,1.0,0.0,nan,1.435,3.4514,-42.4551,2.3683,-8.3597,-4.1959,0.2789,0.0549,0.3226
dron_master_449633280_steps.zip,449633280,tras_muro,0.0,1.0,0.0,0.0,0.0,0.0,0.0,0.0,65.686,0.0664,1.0,0.0,nan,5.0857,3.5755,-25.6709,1.5808,-10.5503,-4.478,0.39,0.0948,0.2089
dron_master_449633280_steps.zip,449633280,debajo,0.0,1.0,0.0,0.0,0.0,0.0,0.0,0.0,62.942,0.0268,1.0,0.0,nan,0.0109,4.2347,-39.279,-10.9968,-7.8777,-1.1941,0.1554,0.016,0.0221
dron_master_474631680_steps.zip,474631680,abierto,1.0,0.0,0.0,0.0,0.0,0.0,0.0,0.0,30.0,0.9677,0.0,0.0,nan,4.3714,3.4396,-45.9477,4.6474,-5.4612,-19.0,3.2209,0.8217,4.4786
dron_master_474631680_steps.zip,474631680,cambio_brusco,0.0,1.0,0.0,0.0,0.0,0.0,0.0,0.0,67.386,0.0895,1.0,0.0,nan,1.4386,3.45,-42.4607,2.3683,-8.0179,-4.043,0.2609,0.0548,0.3225
dron_master_474631680_steps.zip,474631680,tras_muro,0.0,1.0,0.0,0.0,0.0,0.0,0.0,0.0,65.686,0.0664,1.0,0.0,nan,5.1176,3.5548,-25.7524,1.5933,-10.239,-4.0945,0.3185,0.0948,0.2118
dron_master_474631680_steps.zip,474631680,debajo,0.04,0.96,0.0,0.0,0.0,0.0,0.0,0.0,63.584,0.041,1.0,0.04,46.25,0.0147,3.5423,-60.0,-10.9968,-7.0085,-0.9551,0.1006,0.022,0.0141
dron_master_499630080_steps.zip,499630080,abierto,1.0,0.0,0.0,0.0,0.0,0.0,0.0,0.0,30.0,0.9677,0.0,0.0,nan,4.3636,3.4398,-45.9477,4.6474,-5.3944,-18.9212,3.1819,0.8256,4.4947
dron_master_499630080_steps.zip,499630080,cambio_brusco,0.0,1.0,0.0,0.0,0.0,0.0,0.0,0.0,67.384,0.0895,1.0,0.0,nan,1.4368,3.4425,-42.5081,2.3683,-8.4703,-4.3233,0.3033,0.0548,0.3227
dron_master_499630080_steps.zip,499630080,tras_muro,0.0,1.0,0.0,0.0,0.0,0.0,0.0,0.0,65.686,0.0664,1.0,0.0,nan,5.1422,3.4564,-26.0268,1.5933,-10.5626,-4.4407,0.3592,0.0946,0.2118
dron_master_499630080_steps.zip,499630080,debajo,0.0,1.0,0.0,0.0,0.0,0.0,0.0,0.0,62.998,0.0277,1.0,0.02,41.5,0.014,3.4096,-43.8123,-10.9968,-7.7673,-0.9112,0.105,0.0155,0.0024
dron_master_524628480_steps.zip,524628480,abierto,1.0,0.0,0.0,0.0,0.0,0.0,0.0,0.0,30.0,0.9677,0.0,0.0,nan,4.3751,3.4416,-45.9477,4.6474,-5.4411,-18.9781,3.1889,0.8177,4.4852
dron_master_524628480_steps.zip,524628480,cambio_brusco,0.0,1.0,0.0,0.0,0.0,0.0,0.0,0.0,67.384,0.0895,1.0,0.0,nan,1.4368,3.7309,-42.6342,2.3683,-8.5109,-4.1967,0.2628,0.0548,0.3227
dron_master_524628480_steps.zip,524628480,tras_muro,0.0,1.0,0.0,0.0,0.0,0.0,0.0,0.0,65.686,0.0664,1.0,0.0,nan,5.1448,3.162,-25.9614,1.5933,-10.3528,-4.2583,0.3163,0.0948,0.2118
dron_master_524628480_steps.zip,524628480,debajo,0.0,1.0,0.0,0.0,0.0,0.0,0.0,0.0,62.958,0.0271,1.0,0.0,nan,0.0276,4.0692,-43.8522,-10.9968,-7.8173,-1.1099,0.1059,0.0159,0.0117
dron_master_549626880_steps.zip,549626880,abierto,1.0,0.0,0.0,0.0,0.0,0.0,0.0,0.0,30.0,0.9677,0.0,0.0,nan,4.3728,3.4407,-45.9477,4.6474,-5.4175,-18.9609,3.1884,0.8176,4.4751
dron_master_549626880_steps.zip,549626880,cambio_brusco,0.0,1.0,0.0,0.0,0.0,0.0,0.0,0.0,67.384,0.0895,1.0,0.0,nan,1.4368,3.7235,-42.5003,2.3683,-8.1374,-3.9932,0.2576,0.0548,0.3227
dron_master_549626880_steps.zip,549626880,tras_muro,0.0,1.0,0.0,0.0,0.0,0.0,0.0,0.0,65.686,0.0664,1.0,0.0,nan,5.1191,3.7378,-26.5631,1.5933,-10.1433,-4.0361,0.3062,0.0948,0.2118
dron_master_549626880_steps.zip,549626880,debajo,0.0,1.0,0.0,0.0,0.0,0.0,0.0,0.0,62.956,0.027,1.0,0.0,nan,0.0129,4.0339,-43.861,-10.9968,-7.6921,-0.9124,0.1013,0.0159,0.0104
dron_master_574625280_steps.zip,574625280,abierto,1.0,0.0,0.0,0.0,0.0,0.0,0.0,0.0,30.0,0.9677,0.0,0.0,nan,4.3723,3.4407,-45.198,4.6474,-5.4639,-19.0135,3.1958,0.8169,4.4781
dron_master_574625280_steps.zip,574625280,cambio_brusco,0.0,1.0,0.0,0.0,0.0,0.0,0.0,0.0,67.386,0.0895,1.0,0.0,nan,1.4386,3.7905,-42.5819,2.3683,-8.2579,-4.3838,0.3347,0.0548,0.3225
dron_master_574625280_steps.zip,574625280,tras_muro,0.0,1.0,0.0,0.0,0.0,0.0,0.0,0.0,65.686,0.0664,1.0,0.0,nan,5.1009,4.1285,-25.6529,1.5933,-10.3305,-4.0843,0.3107,0.0948,0.21
dron_master_574625280_steps.zip,574625280,debajo,0.0,1.0,0.0,0.0,0.0,0.0,0.0,0.0,62.942,0.0268,1.0,0.0,nan,0.0139,4.243,-39.279,-10.9968,-7.5482,-0.9525,0.1007,0.016,0.0221
dron_master_599623680_steps.zip,599623680,abierto,1.0,0.0,0.0,0.0,0.0,0.0,0.0,0.0,30.0,0.9677,0.0,0.0,nan,4.3811,3.4407,-44.9887,4.6474,-5.4737,-19.0201,3.2098,0.8161,4.4802
dron_master_599623680_steps.zip,599623680,cambio_brusco,0.0,1.0,0.0,0.0,0.0,0.0,0.0,0.0,67.386,0.0895,1.0,0.0,nan,1.4386,3.6487,-42.5922,2.3683,-8.3466,-4.4194,0.3346,0.0548,0.3225
dron_master_599623680_steps.zip,599623680,tras_muro,0.0,1.0,0.0,0.0,0.0,0.0,0.0,0.0,65.686,0.0664,1.0,0.0,nan,5.1534,3.2685,-25.7342,1.5933,-10.5331,-4.3658,0.3577,0.0948,0.21
dron_master_599623680_steps.zip,599623680,debajo,0.0,1.0,0.0,0.0,0.0,0.0,0.0,0.0,62.942,0.0268,1.0,0.0,nan,0.0144,4.2391,-39.279,-10.9968,-7.8047,-1.1492,0.1085,0.016,0.0221
dron_master_624622080_steps.zip,624622080,abierto,1.0,0.0,0.0,0.0,0.0,0.0,0.0,0.0,30.0,0.9677,0.0,0.0,nan,4.3621,3.4419,-45.198,4.6474,-5.4457,-18.9757,3.2019,0.822,4.4765
dron_master_624622080_steps.zip,624622080,cambio_brusco,0.0,1.0,0.0,0.0,0.0,0.0,0.0,0.0,67.384,0.0895,1.0,0.0,nan,1.4368,3.6965,-42.5819,2.3683,-8.0805,-4.0527,0.2624,0.0548,0.3227
dron_master_624622080_steps.zip,624622080,tras_muro,0.0,1.0,0.0,0.0,0.0,0.0,0.0,0.0,65.686,0.0664,1.0,0.0,nan,5.1174,3.5413,-26.4576,1.5933,-10.2729,-4.1373,0.3313,0.0948,0.2118
dron_master_624622080_steps.zip,624622080,debajo,0.0,1.0,0.0,0.0,0.0,0.0,0.0,0.0,62.998,0.0277,1.0,0.0,nan,0.0175,3.5198,-43.8397,-10.9968,-7.8452,-0.9383,0.1083,0.0159,0.0038
dron_master_649620480_steps.zip,649620480,abierto,1.0,0.0,0.0,0.0,0.0,0.0,0.0,0.0,30.0,0.9677,0.0,0.0,nan,4.4094,3.4409,-45.198,4.6474,-5.4175,-18.9546,3.1699,0.8192,4.5085
dron_master_649620480_steps.zip,649620480,cambio_brusco,0.0,1.0,0.0,0.0,0.0,0.0,0.0,0.0,67.384,0.0895,1.0,0.0,nan,1.4368,3.4425,-42.6384,2.3683,-8.4563,-4.2034,0.2647,0.0548,0.3227
dron_master_649620480_steps.zip,649620480,tras_muro,0.0,1.0,0.0,0.0,0.0,0.0,0.0,0.0,65.686,0.0664,1.0,0.0,nan,5.1086,3.2074,-25.8105,1.5933,-10.2964,-4.155,0.3053,0.0948,0.2118
dron_master_649620480_steps.zip,649620480,debajo,0.0,1.0,0.0,0.0,0.0,0.0,0.0,0.0,63.938,0.0279,1.02,0.02,40.4,0.012,4.2881,-60.0,-10.9968,-7.7943,-1.2392,0.1088,0.017,0.0261
dron_master_674618880_steps.zip,674618880,abierto,1.0,0.0,0.0,0.0,0.0,0.0,0.0,0.0,30.0,0.9677,0.0,0.0,nan,4.3588,3.4405,-46.5075,4.6474,-5.4452,-18.9871,3.2066,0.8207,4.4718
dron_master_674618880_steps.zip,674618880,cambio_brusco,0.0,1.0,0.0,0.0,0.0,0.0,0.0,0.0,67.384,0.0895,1.0,0.0,nan,1.4368,4.0264,-42.4724,2.3683,-8.1105,-4.0237,0.2596,0.0548,0.3227
dron_master_674618880_steps.zip,674618880,tras_muro,0.0,1.0,0.0,0.0,0.0,0.0,0.0,0.0,65.686,0.0664,1.0,0.0,nan,5.1235,3.7881,-26.0125,1.5933,-10.1774,-4.0438,0.3107,0.0948,0.2118
dron_master_674618880_steps.zip,674618880,debajo,0.0,1.0,0.0,0.0,0.0,0.0,0.0,0.0,62.956,0.027,1.0,0.0,nan,0.0199,4.0409,-43.8234,-10.9968,-7.7851,-0.9903,0.1087,0.0155,0.0097
dron_master_699617280_steps.zip,699617280,abierto,1.0,0.0,0.0,0.0,0.0,0.0,0.0,0.0,30.0,0.9677,0.0,0.0,nan,4.3764,3.4407,-45.9477,4.6474,-5.4547,-19.0002,3.1786,0.8193,4.5007
dron_master_699617280_steps.zip,699617280,cambio_brusco,0.0,1.0,0.0,0.0,0.0,0.0,0.0,0.0,67.384,0.0895,1.0,0.0,nan,1.4368,3.496,-42.5819,2.3683,-8.2975,-4.2703,0.2908,0.0548,0.3227
dron_master_699617280_steps.zip,699617280,tras_muro,0.0,1.0,0.0,0.0,0.0,0.0,0.0,0.0,65.686,0.0664,1.0,0.0,nan,5.1313,3.6548,-25.8626,1.5933,-10.3681,-4.1864,0.3306,0.0948,0.2118
dron_master_699617280_steps.zip,699617280,debajo,0.02,0.98,0.0,0.0,0.0,0.0,0.0,0.0,62.834,0.0364,1.0,0.02,26.4,0.0096,3.8666,-60.0,-10.9968,-7.3288,-0.892,0.0996,0.0216,0.0172
dron_master_724615680_steps.zip,724615680,abierto,1.0,0.0,0.0,0.0,0.0,0.0,0.0,0.0,30.0,0.9677,0.0,0.0,nan,4.3769,3.4407,-45.9477,4.6474,-5.416,-18.9554,3.1577,0.8202,4.5037
dron_master_724615680_steps.zip,724615680,cambio_brusco,0.0,1.0,0.0,0.0,0.0,0.0,0.0,0.0,67.384,0.0895,1.0,0.0,nan,1.4368,4.4619,-42.4578,2.3683,-8.2106,-4.0613,0.2619,0.0548,0.3227
dron_master_724615680_steps.zip,724615680,tras_muro,0.0,1.0,0.0,0.0,0.0,0.0,0.0,0.0,65.686,0.0664,1.0,0.0,nan,5.097,3.7335,-25.9061,1.5933,-10.2975,-4.1482,0.3294,0.0948,0.2118
dron_master_724615680_steps.zip,724615680,debajo,0.02,0.98,0.0,0.0,0.0,0.0,0.0,0.0,63.066,0.0345,1.0,0.02,38.6,0.0212,4.3827,-60.0,-10.9968,-7.3819,-1.1045,0.1068,0.0183,0.0175
dron_master_749614080_steps.zip,749614080,abierto,1.0,0.0,0.0,0.0,0.0,0.0,0.0,0.0,30.0,0.9677,0.0,0.0,nan,4.4217,3.4406,-45.9404,4.6474,-5.324,-18.8652,3.1387,0.8221,4.4869
dron_master_749614080_steps.zip,749614080,cambio_brusco,0.0,1.0,0.0,0.0,0.0,0.0,0.0,0.0,67.384,0.0895,1.0,0.0,nan,1.4503,4.5283,-42.4607,2.3683,-8.3556,-4.0197,0.2607,0.0547,0.3255
dron_master_749614080_steps.zip,749614080,tras_muro,0.0,1.0,0.0,0.0,0.0,0.0,0.0,0.0,65.686,0.0664,1.0,0.0,nan,5.123,3.9665,-26.0073,1.5933,-10.2159,-4.074,0.3176,0.0948,0.2131
dron_master_749614080_steps.zip,749614080,debajo,0.02,0.98,0.0,0.0,0.0,0.0,0.0,0.0,63.242,0.0336,1.0,0.02,46.1,0.011,4.4321,-60.0,-10.9968,-7.315,-0.9769,0.1058,0.0177,0.0128
dron_master_762613248_steps.zip,762613248,abierto,1.0,0.0,0.0,0.0,0.0,0.0,0.0,0.0,30.0,0.9677,0.0,0.0,nan,4.4333,3.4628,-45.9477,4.6474,-5.3212,-18.8759,3.1362,0.819,4.4856
dron_master_762613248_steps.zip,762613248,cambio_brusco,0.0,1.0,0.0,0.0,0.0,0.0,0.0,0.0,67.384,0.0895,1.0,0.0,nan,1.4503,3.7011,-42.5202,2.3683,-8.5061,-4.3124,0.3187,0.0547,0.3255
dron_master_762613248_steps.zip,762613248,tras_muro,0.0,1.0,0.0,0.0,0.0,0.0,0.0,0.0,65.686,0.0664,1.0,0.0,nan,5.1078,3.6797,-26.0291,1.5933,-10.2619,-4.1004,0.3183,0.0947,0.212
dron_master_762613248_steps.zip,762613248,debajo,0.0,0.96,0.04,0.0,0.0,0.0,0.0,0.0,60.528,0.0633,0.96,0.0,nan,0.0514,4.3013,-47.684,-10.9968,-7.8512,-1.0347,0.1063,0.0159,0.016
